"month","total_events","background_events","background_rate","method"
2000-05-01,114,8,8,"Gardner-Knopoff window-based"
2000-06-01,171,16,16,"Gardner-Knopoff window-based"
2000-07-01,191,27,27,"Gardner-Knopoff window-based"
2000-08-01,137,22,22,"Gardner-Knopoff window-based"
2000-09-01,153,18,18,"Gardner-Knopoff window-based"
2000-10-01,148,32,32,"Gardner-Knopoff window-based"
2000-11-01,107,35,35,"Gardner-Knopoff window-based"
2000-12-01,108,45,45,"Gardner-Knopoff window-based"
2001-01-01,91,39,39,"Gardner-Knopoff window-based"
2001-02-01,101,32,32,"Gardner-Knopoff window-based"
2001-03-01,208,40,40,"Gardner-Knopoff window-based"
2001-04-01,437,39,39,"Gardner-Knopoff window-based"
2001-05-01,387,40,40,"Gardner-Knopoff window-based"
2001-06-01,204,41,41,"Gardner-Knopoff window-based"
2001-07-01,1116,28,28,"Gardner-Knopoff window-based"
2001-08-01,308,26,26,"Gardner-Knopoff window-based"
2001-09-01,169,37,37,"Gardner-Knopoff window-based"
2001-10-01,122,29,29,"Gardner-Knopoff window-based"
2001-11-01,78,28,28,"Gardner-Knopoff window-based"
2001-12-01,70,23,23,"Gardner-Knopoff window-based"
2002-01-01,67,28,28,"Gardner-Knopoff window-based"
2002-02-01,54,26,26,"Gardner-Knopoff window-based"
2002-03-01,44,17,17,"Gardner-Knopoff window-based"
2002-04-01,41,20,20,"Gardner-Knopoff window-based"
2002-05-01,56,17,17,"Gardner-Knopoff window-based"
2002-06-01,50,26,26,"Gardner-Knopoff window-based"
2002-07-01,90,37,37,"Gardner-Knopoff window-based"
2002-08-01,41,23,23,"Gardner-Knopoff window-based"
2002-09-01,64,20,20,"Gardner-Knopoff window-based"
2002-10-01,79,22,22,"Gardner-Knopoff window-based"
2002-11-01,91,24,24,"Gardner-Knopoff window-based"
2002-12-01,93,22,22,"Gardner-Knopoff window-based"
2003-01-01,245,19,19,"Gardner-Knopoff window-based"
2003-02-01,102,17,17,"Gardner-Knopoff window-based"
2003-03-01,68,25,25,"Gardner-Knopoff window-based"
2003-04-01,39,26,26,"Gardner-Knopoff window-based"
2003-05-01,51,25,25,"Gardner-Knopoff window-based"
2003-06-01,43,25,25,"Gardner-Knopoff window-based"
2003-07-01,36,21,21,"Gardner-Knopoff window-based"
2003-08-01,40,27,27,"Gardner-Knopoff window-based"
2003-09-01,37,21,21,"Gardner-Knopoff window-based"
2003-10-01,52,25,25,"Gardner-Knopoff window-based"
2003-11-01,26,16,16,"Gardner-Knopoff window-based"
2003-12-01,47,22,22,"Gardner-Knopoff window-based"
2004-01-01,35,22,22,"Gardner-Knopoff window-based"
2004-02-01,51,28,28,"Gardner-Knopoff window-based"
2004-03-01,76,23,23,"Gardner-Knopoff window-based"
2004-04-01,56,24,24,"Gardner-Knopoff window-based"
2004-05-01,38,29,29,"Gardner-Knopoff window-based"
2004-06-01,48,22,22,"Gardner-Knopoff window-based"
2004-07-01,34,13,13,"Gardner-Knopoff window-based"
2004-08-01,51,21,21,"Gardner-Knopoff window-based"
2004-09-01,51,18,18,"Gardner-Knopoff window-based"
2004-10-01,77,21,21,"Gardner-Knopoff window-based"
2004-11-01,55,15,15,"Gardner-Knopoff window-based"
2004-12-01,35,21,21,"Gardner-Knopoff window-based"
2005-01-01,41,19,19,"Gardner-Knopoff window-based"
2005-02-01,23,12,12,"Gardner-Knopoff window-based"
2005-03-01,25,15,15,"Gardner-Knopoff window-based"
2005-04-01,38,22,22,"Gardner-Knopoff window-based"
2005-05-01,46,27,27,"Gardner-Knopoff window-based"
2005-06-01,39,23,23,"Gardner-Knopoff window-based"
2005-07-01,85,23,23,"Gardner-Knopoff window-based"
2005-08-01,40,11,11,"Gardner-Knopoff window-based"
2005-09-01,31,13,13,"Gardner-Knopoff window-based"
2005-10-01,24,14,14,"Gardner-Knopoff window-based"
2005-11-01,16,12,12,"Gardner-Knopoff window-based"
2005-12-01,21,14,14,"Gardner-Knopoff window-based"
2006-01-01,31,16,16,"Gardner-Knopoff window-based"
2006-02-01,32,18,18,"Gardner-Knopoff window-based"
2006-03-01,25,14,14,"Gardner-Knopoff window-based"
2006-04-01,22,15,15,"Gardner-Knopoff window-based"
2006-05-01,26,17,17,"Gardner-Knopoff window-based"
2006-06-01,25,14,14,"Gardner-Knopoff window-based"
2006-07-01,38,18,18,"Gardner-Knopoff window-based"
2006-08-01,39,12,12,"Gardner-Knopoff window-based"
2006-09-01,19,12,12,"Gardner-Knopoff window-based"
2006-10-01,14,12,12,"Gardner-Knopoff window-based"
2006-11-01,44,17,17,"Gardner-Knopoff window-based"
2006-12-01,29,15,15,"Gardner-Knopoff window-based"
2007-01-01,36,21,21,"Gardner-Knopoff window-based"
2007-02-01,18,14,14,"Gardner-Knopoff window-based"
2007-03-01,30,17,17,"Gardner-Knopoff window-based"
2007-04-01,26,13,13,"Gardner-Knopoff window-based"
2007-05-01,31,16,16,"Gardner-Knopoff window-based"
2007-06-01,32,20,20,"Gardner-Knopoff window-based"
2007-07-01,25,17,17,"Gardner-Knopoff window-based"
2007-08-01,38,22,22,"Gardner-Knopoff window-based"
2007-09-01,30,12,12,"Gardner-Knopoff window-based"
2007-10-01,31,18,18,"Gardner-Knopoff window-based"
2007-11-01,29,13,13,"Gardner-Knopoff window-based"
2007-12-01,20,11,11,"Gardner-Knopoff window-based"
2008-01-01,27,16,16,"Gardner-Knopoff window-based"
2008-02-01,36,15,15,"Gardner-Knopoff window-based"
2008-03-01,26,16,16,"Gardner-Knopoff window-based"
2008-04-01,39,13,13,"Gardner-Knopoff window-based"
2008-05-01,51,14,14,"Gardner-Knopoff window-based"
2008-06-01,27,19,19,"Gardner-Knopoff window-based"
2008-07-01,30,14,14,"Gardner-Knopoff window-based"
2008-08-01,31,14,14,"Gardner-Knopoff window-based"
2008-09-01,30,18,18,"Gardner-Knopoff window-based"
2008-10-01,28,16,16,"Gardner-Knopoff window-based"
2008-11-01,55,16,16,"Gardner-Knopoff window-based"
2008-12-01,171,16,16,"Gardner-Knopoff window-based"
2009-01-01,50,14,14,"Gardner-Knopoff window-based"
2009-02-01,49,13,13,"Gardner-Knopoff window-based"
2009-03-01,49,16,16,"Gardner-Knopoff window-based"
2009-04-01,26,14,14,"Gardner-Knopoff window-based"
2009-05-01,56,20,20,"Gardner-Knopoff window-based"
2009-06-01,52,17,17,"Gardner-Knopoff window-based"
2009-07-01,30,18,18,"Gardner-Knopoff window-based"
2009-08-01,51,14,14,"Gardner-Knopoff window-based"
2009-09-01,41,12,12,"Gardner-Knopoff window-based"
2009-10-01,318,21,21,"Gardner-Knopoff window-based"
2009-11-01,68,17,17,"Gardner-Knopoff window-based"
2009-12-01,48,17,17,"Gardner-Knopoff window-based"
2010-01-01,86,7,7,"Gardner-Knopoff window-based"
2010-02-01,62,15,15,"Gardner-Knopoff window-based"
2010-03-01,57,17,17,"Gardner-Knopoff window-based"
2010-04-01,44,18,18,"Gardner-Knopoff window-based"
2010-05-01,43,19,19,"Gardner-Knopoff window-based"
2010-06-01,36,21,21,"Gardner-Knopoff window-based"
2010-07-01,33,19,19,"Gardner-Knopoff window-based"
2010-08-01,14,11,11,"Gardner-Knopoff window-based"
2010-09-01,47,17,17,"Gardner-Knopoff window-based"
2010-10-01,44,18,18,"Gardner-Knopoff window-based"
2010-11-01,32,16,16,"Gardner-Knopoff window-based"
2010-12-01,19,12,12,"Gardner-Knopoff window-based"
2011-01-01,22,17,17,"Gardner-Knopoff window-based"
2011-02-01,40,21,21,"Gardner-Knopoff window-based"
2011-03-01,29,21,21,"Gardner-Knopoff window-based"
2011-04-01,29,19,19,"Gardner-Knopoff window-based"
2011-05-01,36,12,12,"Gardner-Knopoff window-based"
2011-06-01,10,7,7,"Gardner-Knopoff window-based"
2011-07-01,35,17,17,"Gardner-Knopoff window-based"
2011-08-01,27,18,18,"Gardner-Knopoff window-based"
2011-09-01,29,20,20,"Gardner-Knopoff window-based"
2011-10-01,31,11,11,"Gardner-Knopoff window-based"
2011-11-01,23,16,16,"Gardner-Knopoff window-based"
2011-12-01,33,25,25,"Gardner-Knopoff window-based"
2012-01-01,36,18,18,"Gardner-Knopoff window-based"
2012-02-01,29,13,13,"Gardner-Knopoff window-based"
2012-03-01,19,15,15,"Gardner-Knopoff window-based"
2012-04-01,16,14,14,"Gardner-Knopoff window-based"
2012-05-01,37,14,14,"Gardner-Knopoff window-based"
2012-06-01,24,11,11,"Gardner-Knopoff window-based"
2012-07-01,16,13,13,"Gardner-Knopoff window-based"
2012-08-01,59,18,18,"Gardner-Knopoff window-based"
2012-09-01,49,17,17,"Gardner-Knopoff window-based"
2012-10-01,54,29,29,"Gardner-Knopoff window-based"
2012-11-01,47,23,23,"Gardner-Knopoff window-based"
2012-12-01,55,15,15,"Gardner-Knopoff window-based"
2013-01-01,39,21,21,"Gardner-Knopoff window-based"
2013-02-01,22,14,14,"Gardner-Knopoff window-based"
2013-03-01,39,25,25,"Gardner-Knopoff window-based"
2013-04-01,46,14,14,"Gardner-Knopoff window-based"
2013-05-01,26,12,12,"Gardner-Knopoff window-based"
2013-06-01,35,21,21,"Gardner-Knopoff window-based"
2013-07-01,21,11,11,"Gardner-Knopoff window-based"
2013-08-01,51,12,12,"Gardner-Knopoff window-based"
2013-09-01,44,18,18,"Gardner-Knopoff window-based"
2013-10-01,57,13,13,"Gardner-Knopoff window-based"
2013-11-01,36,18,18,"Gardner-Knopoff window-based"
2013-12-01,63,14,14,"Gardner-Knopoff window-based"
2014-01-01,25,13,13,"Gardner-Knopoff window-based"
2014-02-01,32,14,14,"Gardner-Knopoff window-based"
2014-03-01,85,17,17,"Gardner-Knopoff window-based"
2014-04-01,32,12,12,"Gardner-Knopoff window-based"
2014-05-01,23,14,14,"Gardner-Knopoff window-based"
2014-06-01,38,11,11,"Gardner-Knopoff window-based"
2014-07-01,60,13,13,"Gardner-Knopoff window-based"
2014-08-01,21,17,17,"Gardner-Knopoff window-based"
2014-09-01,42,19,19,"Gardner-Knopoff window-based"
2014-10-01,27,16,16,"Gardner-Knopoff window-based"
2014-11-01,26,17,17,"Gardner-Knopoff window-based"
2014-12-01,25,17,17,"Gardner-Knopoff window-based"
2015-01-01,39,20,20,"Gardner-Knopoff window-based"
2015-02-01,29,18,18,"Gardner-Knopoff window-based"
2015-03-01,41,19,19,"Gardner-Knopoff window-based"
2015-04-01,41,20,20,"Gardner-Knopoff window-based"
2015-05-01,28,13,13,"Gardner-Knopoff window-based"
2015-06-01,50,20,20,"Gardner-Knopoff window-based"
2015-07-01,17,9,9,"Gardner-Knopoff window-based"
2015-08-01,13,10,10,"Gardner-Knopoff window-based"
2015-09-01,22,18,18,"Gardner-Knopoff window-based"
2015-10-01,22,18,18,"Gardner-Knopoff window-based"
2015-11-01,22,14,14,"Gardner-Knopoff window-based"
2015-12-01,33,16,16,"Gardner-Knopoff window-based"
2016-01-01,76,17,17,"Gardner-Knopoff window-based"
2016-02-01,54,17,17,"Gardner-Knopoff window-based"
2016-03-01,56,19,19,"Gardner-Knopoff window-based"
2016-04-01,26,17,17,"Gardner-Knopoff window-based"
2016-05-01,20,18,18,"Gardner-Knopoff window-based"
2016-06-01,51,27,27,"Gardner-Knopoff window-based"
2016-07-01,32,17,17,"Gardner-Knopoff window-based"
2016-08-01,28,18,18,"Gardner-Knopoff window-based"
2016-09-01,19,6,6,"Gardner-Knopoff window-based"
2016-10-01,20,9,9,"Gardner-Knopoff window-based"
2016-11-01,32,16,16,"Gardner-Knopoff window-based"
2016-12-01,23,14,14,"Gardner-Knopoff window-based"
2017-01-01,15,11,11,"Gardner-Knopoff window-based"
2017-02-01,15,13,13,"Gardner-Knopoff window-based"
2017-03-01,23,17,17,"Gardner-Knopoff window-based"
2017-04-01,15,12,12,"Gardner-Knopoff window-based"
2017-05-01,23,10,10,"Gardner-Knopoff window-based"
2017-06-01,26,12,12,"Gardner-Knopoff window-based"
2017-07-01,30,19,19,"Gardner-Knopoff window-based"
2017-08-01,26,16,16,"Gardner-Knopoff window-based"
2017-09-01,27,17,17,"Gardner-Knopoff window-based"
2017-10-01,25,13,13,"Gardner-Knopoff window-based"
2017-11-01,22,15,15,"Gardner-Knopoff window-based"
2017-12-01,26,8,8,"Gardner-Knopoff window-based"
2018-01-01,15,9,9,"Gardner-Knopoff window-based"
2018-02-01,18,12,12,"Gardner-Knopoff window-based"
2018-03-01,28,20,20,"Gardner-Knopoff window-based"
2018-04-01,22,7,7,"Gardner-Knopoff window-based"
2018-05-01,21,9,9,"Gardner-Knopoff window-based"
2018-06-01,24,8,8,"Gardner-Knopoff window-based"
2018-07-01,30,12,12,"Gardner-Knopoff window-based"
2018-08-01,19,12,12,"Gardner-Knopoff window-based"
2018-09-01,12,5,5,"Gardner-Knopoff window-based"
2018-10-01,28,10,10,"Gardner-Knopoff window-based"
2018-11-01,31,8,8,"Gardner-Knopoff window-based"
2018-12-01,27,10,10,"Gardner-Knopoff window-based"
2019-01-01,20,7,7,"Gardner-Knopoff window-based"
2019-02-01,65,10,10,"Gardner-Knopoff window-based"
2019-03-01,39,6,6,"Gardner-Knopoff window-based"
2019-04-01,36,9,9,"Gardner-Knopoff window-based"
2019-05-01,62,8,8,"Gardner-Knopoff window-based"
2019-06-01,34,15,15,"Gardner-Knopoff window-based"
2019-07-01,9152,19,19,"Gardner-Knopoff window-based"
2019-08-01,956,8,8,"Gardner-Knopoff window-based"
2019-09-01,407,6,6,"Gardner-Knopoff window-based"
2019-10-01,291,16,16,"Gardner-Knopoff window-based"
2019-11-01,259,13,13,"Gardner-Knopoff window-based"
2019-12-01,232,6,6,"Gardner-Knopoff window-based"
2020-01-01,167,9,9,"Gardner-Knopoff window-based"
2020-02-01,137,5,5,"Gardner-Knopoff window-based"
2020-03-01,150,4,4,"Gardner-Knopoff window-based"
2020-04-01,134,3,3,"Gardner-Knopoff window-based"
2020-05-01,120,12,12,"Gardner-Knopoff window-based"
2020-06-01,556,6,6,"Gardner-Knopoff window-based"
2020-07-01,165,8,8,"Gardner-Knopoff window-based"
2020-08-01,104,6,6,"Gardner-Knopoff window-based"
2020-09-01,77,11,11,"Gardner-Knopoff window-based"
2020-10-01,120,8,8,"Gardner-Knopoff window-based"
2020-11-01,76,5,5,"Gardner-Knopoff window-based"
2020-12-01,91,10,10,"Gardner-Knopoff window-based"
2021-01-01,82,9,9,"Gardner-Knopoff window-based"
2021-02-01,91,1,1,"Gardner-Knopoff window-based"
2021-03-01,68,12,12,"Gardner-Knopoff window-based"
2021-04-01,68,6,6,"Gardner-Knopoff window-based"
2021-05-01,79,10,10,"Gardner-Knopoff window-based"
2021-06-01,67,5,5,"Gardner-Knopoff window-based"
2021-07-01,55,13,13,"Gardner-Knopoff window-based"
2021-08-01,57,8,8,"Gardner-Knopoff window-based"
2021-09-01,47,8,8,"Gardner-Knopoff window-based"
2021-10-01,65,9,9,"Gardner-Knopoff window-based"
2021-11-01,48,13,13,"Gardner-Knopoff window-based"
2021-12-01,49,13,13,"Gardner-Knopoff window-based"
2022-01-01,53,18,18,"Gardner-Knopoff window-based"
2022-02-01,41,14,14,"Gardner-Knopoff window-based"
2022-03-01,51,25,25,"Gardner-Knopoff window-based"
2022-04-01,61,29,29,"Gardner-Knopoff window-based"
2022-05-01,56,25,25,"Gardner-Knopoff window-based"
2022-06-01,55,19,19,"Gardner-Knopoff window-based"
2022-07-01,58,17,17,"Gardner-Knopoff window-based"
2022-08-01,45,14,14,"Gardner-Knopoff window-based"
2022-09-01,48,15,15,"Gardner-Knopoff window-based"
2022-10-01,43,16,16,"Gardner-Knopoff window-based"
2022-11-01,46,20,20,"Gardner-Knopoff window-based"
2022-12-01,34,16,16,"Gardner-Knopoff window-based"
2023-01-01,40,22,22,"Gardner-Knopoff window-based"
2023-02-01,41,19,19,"Gardner-Knopoff window-based"
2023-03-01,36,19,19,"Gardner-Knopoff window-based"
2023-04-01,37,17,17,"Gardner-Knopoff window-based"
2023-05-01,53,18,18,"Gardner-Knopoff window-based"
2023-06-01,35,14,14,"Gardner-Knopoff window-based"
2023-07-01,34,19,19,"Gardner-Knopoff window-based"
2023-08-01,29,20,20,"Gardner-Knopoff window-based"
2023-09-01,21,15,15,"Gardner-Knopoff window-based"
2023-10-01,41,18,18,"Gardner-Knopoff window-based"
2023-11-01,20,13,13,"Gardner-Knopoff window-based"
2023-12-01,41,16,16,"Gardner-Knopoff window-based"
2024-01-01,28,18,18,"Gardner-Knopoff window-based"
2024-02-01,29,19,19,"Gardner-Knopoff window-based"
2024-03-01,26,16,16,"Gardner-Knopoff window-based"
2024-04-01,68,16,16,"Gardner-Knopoff window-based"
2024-05-01,35,15,15,"Gardner-Knopoff window-based"
2024-06-01,23,11,11,"Gardner-Knopoff window-based"
2024-07-01,36,15,15,"Gardner-Knopoff window-based"
2024-08-01,55,15,15,"Gardner-Knopoff window-based"
2024-09-01,38,13,13,"Gardner-Knopoff window-based"
2024-10-01,30,17,17,"Gardner-Knopoff window-based"
2024-11-01,26,14,14,"Gardner-Knopoff window-based"
2024-12-01,29,18,18,"Gardner-Knopoff window-based"
2025-01-01,37,26,26,"Gardner-Knopoff window-based"
2025-02-01,31,20,20,"Gardner-Knopoff window-based"
2025-03-01,32,21,21,"Gardner-Knopoff window-based"
2025-04-01,75,19,19,"Gardner-Knopoff window-based"
2025-05-01,43,23,23,"Gardner-Knopoff window-based"
2025-06-01,53,21,21,"Gardner-Knopoff window-based"
2025-07-01,42,18,18,"Gardner-Knopoff window-based"
2025-08-01,38,23,23,"Gardner-Knopoff window-based"
2025-09-01,48,32,32,"Gardner-Knopoff window-based"
2025-10-01,26,13,13,"Gardner-Knopoff window-based"
2025-11-01,32,14,14,"Gardner-Knopoff window-based"
2025-12-01,41,22,22,"Gardner-Knopoff window-based"
2026-01-01,47,19,19,"Gardner-Knopoff window-based"
2026-02-01,34,19,19,"Gardner-Knopoff window-based"
2026-03-01,35,15,15,"Gardner-Knopoff window-based"
2026-04-01,32,14,14,"Gardner-Knopoff window-based"
2026-05-01,26,11,11,"Gardner-Knopoff window-based"
