"date","time","event_type","geo_type","mag","mag_type","lat","lon","depth","quality","evid","nph","ngrm","datetime","date_only","year","month","year_month"
"2000/05/27","03:35:34.37","eq","l",4.05,"l",35.78,-117.651,0,"A",9152038,122,2015,2000-05-27 03:35:34.37,2000-05-27,2000,2000-05-01,"2000-05"
"2000/06/26","15:43:07.55","eq","l",4.51,"l",34.78217,-116.29683,3.2,"A",9155518,92,2126,2000-06-26 15:43:07.55,2000-06-26,2000,2000-06-01,"2000-06"
"2001/05/17","21:53:45.57","eq","l",4.25,"l",35.799,-118.04367,7.5,"A",9653349,286,1552,2001-05-17 21:53:45.57,2001-05-17,2001,2001-05-01,"2001-05"
"2001/05/17","22:56:45.85","eq","l",4.1,"l",35.796,-118.04617,7.2,"A",9653493,74,1559,2001-05-17 22:56:45.85,2001-05-17,2001,2001-05-01,"2001-05"
"2001/07/17","12:07:26.10","eq","l",5.17,"w",36.01633,-117.87433,1.9,"A",9674049,106,1491,2001-07-17 12:07:26.1,2001-07-17,2001,2001-07-01,"2001-07"
"2001/07/17","12:25:18.95","eq","l",4.07,"l",36.043,-117.87217,4.1,"C",9674097,138,1492,2001-07-17 12:25:18.95,2001-07-17,2001,2001-07-01,"2001-07"
"2001/07/17","12:59:59.17","eq","l",4.93,"w",36.017,-117.88233,-0.7,"A",9674213,189,1492,2001-07-17 12:59:59.17,2001-07-17,2001,2001-07-01,"2001-07"
"2001/07/20","12:53:07.53","eq","l",4.43,"l",35.995,-117.87717,2.3,"A",10992159,71,1529,2001-07-20 12:53:07.53,2001-07-20,2001,2001-07-01,"2001-07"
"2001/07/28","01:09:29.11","eq","l",4.01,"l",36.05817,-117.8715,0.3,"A",9686565,182,1528,2001-07-28 01:09:29.11,2001-07-28,2001,2001-07-01,"2001-07"
"2002/04/05","08:02:56.05","eq","l",4.39,"l",34.524,-116.29467,4.5,"C",9775765,88,1662,2002-04-05 08:02:56.05,2002-04-05,2002,2002-04-01,"2002-04"
"2002/09/28","10:34:47.16","eq","l",4.13,"l",35.94617,-117.3035,2.6,"A",9828889,64,1710,2002-09-28 10:34:47.16,2002-09-28,2002,2002-09-01,"2002-09"
"2002/10/29","14:16:54.08","eq","l",4.77,"l",34.80267,-116.2665,3.7,"A",9854597,57,3242,2002-10-29 14:16:54.08,2002-10-29,2002,2002-10-01,"2002-10"
"2003/01/25","09:16:10.22","eq","l",4.54,"l",35.3175,-118.65383,4.9,"C",9882329,100,1769,2003-01-25 09:16:10.22,2003-01-25,2003,2003-01-01,"2003-01"
"2003/07/15","06:15:50.75","eq","l",4.15,"l",34.62167,-116.66717,6.5,"A",9930549,158,1743,2003-07-15 06:15:50.75,2003-07-15,2003,2003-07-01,"2003-07"
"2004/09/29","22:54:54.24","eq","l",5.03,"w",35.38983,-118.6235,2.8,"A",14095628,246,1902,2004-09-29 22:54:54.24,2004-09-29,2004,2004-09-01,"2004-09"
"2005/08/06","05:40:33.46","eq","l",4.38,"l",36.13917,-118.045,-1.8,"A",14169456,117,1899,2005-08-06 05:40:33.46,2005-08-06,2005,2005-08-01,"2005-08"
"2006/03/29","01:36:23.01","eq","l",4.11,"l",35.62183,-117.5875,7.9,"A",14219360,84,1895,2006-03-29 01:36:23.01,2006-03-29,2006,2006-03-01,"2006-03"
"2006/07/12","22:20:50.22","eq","l",4.02,"l",36.071,-117.90217,3,"A",14239764,183,1859,2006-07-12 22:20:50.22,2006-07-12,2006,2006-07-01,"2006-07"
"2007/03/30","09:09:35.83","eq","l",4.11,"l",36.02767,-117.77533,-0.7,"A",14282008,52,1820,2007-03-30 09:09:35.83,2007-03-30,2007,2007-03-01,"2007-03"
"2007/10/24","12:22:48.77","eq","l",4.34,"l",35.838,-117.68467,3.5,"A",14330056,204,1939,2007-10-24 12:22:48.77,2007-10-24,2007,2007-10-01,"2007-10"
"2008/04/23","01:55:29.40","eq","l",4.14,"l",34.866,-116.34033,4.6,"A",10319993,174,1954,2008-04-23 01:55:29.4,2008-04-23,2008,2008-04-01,"2008-04"
"2008/05/01","08:11:43.22","eq","l",4.43,"l",35.47333,-118.42533,4.8,"C",10321585,271,2019,2008-05-01 08:11:43.22,2008-05-01,2008,2008-05-01,"2008-05"
"2008/11/29","21:14:09.07","eq","l",4.03,"l",35.97067,-117.32633,0.2,"A",14406196,90,2021,2008-11-29 21:14:09.07,2008-11-29,2008,2008-11-01,"2008-11"
"2008/11/30","13:03:07.28","eq","l",4.04,"l",35.97133,-117.31983,2.5,"A",14406304,151,2043,2008-11-30 13:03:07.28,2008-11-30,2008,2008-11-01,"2008-11"
"2008/12/02","16:53:09.12","eq","l",4.03,"l",35.97117,-117.32217,2.3,"A",14407020,78,2011,2008-12-02 16:53:09.12,2008-12-02,2008,2008-12-01,"2008-12"
"2008/12/06","04:18:42.85","eq","l",5.06,"w",34.81333,-116.41883,6.4,"A",14408052,298,2010,2008-12-06 04:18:42.85,2008-12-06,2008,2008-12-01,"2008-12"
"2008/12/13","17:16:46.47","eq","l",4.01,"l",35.972,-117.31733,-1,"A",10366101,88,1990,2008-12-13 17:16:46.47,2008-12-13,2008,2008-12-01,"2008-12"
"2009/01/31","21:09:22.59","eq","l",4.39,"l",35.4135,-117.78583,7.4,"A",14418600,233,1931,2009-01-31 21:09:22.59,2009-01-31,2009,2009-01-01,"2009-01"
"2009/05/23","22:58:32.94","eq","l",4.73,"l",36.39617,-117.83767,-0.6,"A",14462064,212,2036,2009-05-23 22:58:32.94,2009-05-23,2009,2009-05-01,"2009-05"
"2009/10/01","10:01:24.67","eq","l",5,"w",36.38783,-117.85867,4,"C",14517500,94,2071,2009-10-01 10:01:24.67,2009-10-01,2009,2009-10-01,"2009-10"
"2009/10/03","01:09:19.14","eq","l",4.74,"l",36.391,-117.86383,0.7,"A",14519756,66,2057,2009-10-03 01:09:19.14,2009-10-03,2009,2009-10-01,"2009-10"
"2009/10/03","01:10:26.10","eq","l",4.85,"l",36.38633,-117.86817,1.7,"C",14519764,57,2058,2009-10-03 01:10:26.1,2009-10-03,2009,2009-10-01,"2009-10"
"2009/10/03","01:16:00.31","eq","l",5.19,"w",36.391,-117.86083,-1.8,"A",14519780,73,2060,2009-10-03 01:16:00.31,2009-10-03,2009,2009-10-01,"2009-10"
"2009/10/03","01:30:31.91","eq","l",4.07,"l",36.40267,-117.85133,-0.1,"A",14519860,74,2061,2009-10-03 01:30:31.91,2009-10-03,2009,2009-10-01,"2009-10"
"2009/10/03","01:47:55.37","eq","l",4.2,"l",36.39483,-117.84567,0,"A",14519940,70,2062,2009-10-03 01:47:55.37,2009-10-03,2009,2009-10-01,"2009-10"
"2009/10/03","05:31:57.72","eq","l",4.66,"l",36.39,-117.8635,0.1,"A",14520476,81,2072,2009-10-03 05:31:57.72,2009-10-03,2009,2009-10-01,"2009-10"
"2009/10/03","11:37:11.38","eq","l",4.41,"l",36.38933,-117.86733,0.4,"A",14520900,73,2072,2009-10-03 11:37:11.38,2009-10-03,2009,2009-10-01,"2009-10"
"2009/10/09","04:25:05.27","eq","l",4.29,"l",36.39767,-117.86417,7.6,"A",10477949,101,2061,2009-10-09 04:25:05.27,2009-10-09,2009,2009-10-01,"2009-10"
"2009/11/16","21:21:30.63","eq","l",4.6,"l",35.5485,-117.2745,1.2,"A",10497821,235,2032,2009-11-16 21:21:30.63,2009-11-16,2009,2009-11-01,"2009-11"
"2010/01/15","08:23:27.34","eq","l",4.41,"l",36.031,-117.843,0.1,"A",10527789,87,2054,2010-01-15 08:23:27.34,2010-01-15,2010,2010-01-01,"2010-01"
"2010/02/15","00:07:09.36","eq","l",4.05,"l",36.0735,-117.86583,-1.1,"A",10542589,63,2000,2010-02-15 00:07:09.36,2010-02-15,2010,2010-02-01,"2010-02"
"2011/05/03","21:41:49.82","eq","l",4.45,"l",36.39533,-117.87033,0.5,"A",14978940,69,2125,2011-05-03 21:41:49.82,2011-05-03,2011,2011-05-01,"2011-05"
"2011/11/01","15:38:22.83","eq","l",4.1,"l",35.68067,-117.61967,6.1,"B",15071220,168,2250,2011-11-01 15:38:22.83,2011-11-01,2011,2011-11-01,"2011-11"
"2013/03/01","21:55:27.58","eq","l",4.14,"w",35.82983,-116.79967,7.7,"A",15292545,109,2340,2013-03-01 21:55:27.58,2013-03-01,2013,2013-03-01,"2013-03"
"2013/07/24","16:46:02.63","eq","l",4.29,"l",35.486,-118.2875,5.5,"A",11339042,124,2459,2013-07-24 16:46:02.63,2013-07-24,2013,2013-07-01,"2013-07"
"2013/08/25","18:50:28.71","eq","l",4.19,"w",35.48033,-118.28533,1.2,"A",15396881,120,2312,2013-08-25 18:50:28.71,2013-08-25,2013,2013-08-01,"2013-08"
"2013/10/06","02:06:21.88","eq","l",4.28,"l",34.70917,-116.29383,0.8,"A",11373458,116,2330,2013-10-06 02:06:21.88,2013-10-06,2013,2013-10-01,"2013-10"
"2013/12/23","13:39:26.30","eq","l",4.3,"h",36.1405,-118.06483,0.9,"A",15447161,54,2438,2013-12-23 13:39:26.3,2013-12-23,2013,2013-12-01,"2013-12"
"2014/03/13","02:11:04.03","eq","l",4.39,"w",36.11167,-118.055,-1.3,"A",15475329,109,2350,2014-03-13 02:11:04.03,2014-03-13,2014,2014-03-01,"2014-03"
"2014/04/19","12:15:13.01","eq","l",4.24,"l",35.46633,-118.521,-0.8,"A",37214496,108,2308,2014-04-19 12:15:13.01,2014-04-19,2014,2014-04-01,"2014-04"
"2015/01/04","03:18:09.48","eq","l",4.25,"w",34.61733,-118.63017,7.8,"A",37301704,133,2889,2015-01-04 03:18:09.48,2015-01-04,2015,2015-01-01,"2015-01"
"2015/03/30","09:21:56.69","eq","l",4.04,"l",34.79117,-116.26117,2.9,"A",37352384,214,2951,2015-03-30 09:21:56.69,2015-03-30,2015,2015-03-01,"2015-03"
"2015/12/27","18:31:18.03","eq","l",4.25,"w",35.21433,-117.2815,3.2,"A",37506472,203,2924,2015-12-27 18:31:18.03,2015-12-27,2015,2015-12-01,"2015-12"
"2016/01/24","15:32:16.36","eq","l",4.11,"w",34.69717,-116.23917,2.6,"A",37299263,79,2901,2016-01-24 15:32:16.36,2016-01-24,2016,2016-01-01,"2016-01"
"2016/02/20","06:13:20.33","eq","l",4.31,"w",34.60983,-116.62883,6.7,"A",37526424,256,2863,2016-02-20 06:13:20.33,2016-02-20,2016,2016-02-01,"2016-02"
"2016/02/23","03:19:52.94","eq","l",4.1,"w",34.69433,-116.24283,2.4,"A",37527664,167,2955,2016-02-23 03:19:52.94,2016-02-23,2016,2016-02-01,"2016-02"
"2017/08/22","19:51:59.45","eq","l",4.12,"w",35.90433,-116.92233,6.1,"A",37980632,76,3215,2017-08-22 19:51:59.45,2017-08-22,2017,2017-08-01,"2017-08"
"2018/12/05","21:40:16.62","eq","l",4.2,"w",35.73033,-117.07767,0.8,"A",38386960,121,3268,2018-12-05 21:40:16.62,2018-12-05,2018,2018-12-01,"2018-12"
"2019/07/04","17:33:49.00","eq","l",6.4,"w",35.70533,-117.50383,10.5,"A",38443183,105,3416,2019-07-04 17:33:49,2019-07-04,2019,2019-07-01,"2019-07"
"2019/07/04","17:35:01.66","eq","l",4.49,"lr",35.644,-117.56717,4.6,"A",38443191,69,3356,2019-07-04 17:35:01.66,2019-07-04,2019,2019-07-01,"2019-07"
"2019/07/04","17:35:52.17","eq","l",4.28,"lr",35.687,-117.50617,1.6,"A",37218988,46,3308,2019-07-04 17:35:52.17,2019-07-04,2019,2019-07-01,"2019-07"
"2019/07/04","17:37:25.64","eq","l",4.01,"lr",35.67583,-117.4575,15.8,"A",37218996,38,3308,2019-07-04 17:37:25.64,2019-07-04,2019,2019-07-01,"2019-07"
"2019/07/04","17:40:18.52","eq","l",4.13,"lr",35.707,-117.51017,8.7,"A",38443231,65,3349,2019-07-04 17:40:18.52,2019-07-04,2019,2019-07-01,"2019-07"
"2019/07/04","18:27:59.44","eq","l",4.66,"w",35.745,-117.55217,6.6,"A",38443535,102,3361,2019-07-04 18:27:59.44,2019-07-04,2019,2019-07-01,"2019-07"
"2019/07/04","18:39:44.44","eq","l",4.59,"w",35.60133,-117.597,2.8,"A",38443607,80,3288,2019-07-04 18:39:44.44,2019-07-04,2019,2019-07-01,"2019-07"
"2019/07/04","18:47:06.59","eq","l",4.34,"w",35.67583,-117.48533,8.5,"A",38443647,108,3325,2019-07-04 18:47:06.59,2019-07-04,2019,2019-07-01,"2019-07"
"2019/07/04","18:47:22.60","eq","l",4.02,"lr",35.6755,-117.472,10.3,"A",37421213,30,1127,2019-07-04 18:47:22.6,2019-07-04,2019,2019-07-01,"2019-07"
"2019/07/04","18:54:13.99","eq","l",4.07,"lr",35.5975,-117.59967,5.3,"A",38443703,90,3295,2019-07-04 18:54:13.99,2019-07-04,2019,2019-07-01,"2019-07"
"2019/07/04","18:56:06.42","eq","l",4.58,"w",35.716,-117.56,1.9,"A",38443719,165,3304,2019-07-04 18:56:06.42,2019-07-04,2019,2019-07-01,"2019-07"
"2019/07/04","18:56:22.03","eq","l",4.21,"lr",35.70867,-117.55417,1.2,"A",37420717,30,3280,2019-07-04 18:56:22.03,2019-07-04,2019,2019-07-01,"2019-07"
"2019/07/04","19:21:32.09","eq","l",4.5,"w",35.6715,-117.47883,5.2,"A",38443871,120,3331,2019-07-04 19:21:32.09,2019-07-04,2019,2019-07-01,"2019-07"
"2019/07/04","19:56:00.50","eq","l",4.16,"w",35.66233,-117.524,1.5,"A",38444103,242,3341,2019-07-04 19:56:00.5,2019-07-04,2019,2019-07-01,"2019-07"
"2019/07/04","22:12:08.49","eq","l",4.43,"w",35.74633,-117.56367,5.8,"A",38445087,141,3334,2019-07-04 22:12:08.49,2019-07-04,2019,2019-07-01,"2019-07"
"2019/07/04","23:34:02.38","eq","l",4.04,"w",35.60117,-117.61067,4.8,"A",38445703,77,3358,2019-07-04 23:34:02.38,2019-07-04,2019,2019-07-01,"2019-07"
"2019/07/05","00:18:01.41","eq","l",4.04,"w",35.77183,-117.61783,2.6,"A",38445975,105,3352,2019-07-05 00:18:01.41,2019-07-05,2019,2019-07-01,"2019-07"
"2019/07/05","00:32:06.67","eq","l",4.02,"w",35.70333,-117.48283,1,"A",38446071,106,3337,2019-07-05 00:32:06.67,2019-07-05,2019,2019-07-01,"2019-07"
"2019/07/05","11:07:53.04","eq","l",5.37,"w",35.76033,-117.575,7,"A",38450263,256,3346,2019-07-05 11:07:53.04,2019-07-05,2019,2019-07-01,"2019-07"
"2019/07/05","12:38:30.02","eq","l",4.09,"w",35.77167,-117.57067,6.8,"A",38451079,107,3341,2019-07-05 12:38:30.02,2019-07-05,2019,2019-07-01,"2019-07"
"2019/07/06","03:16:32.48","eq","l",4.97,"w",35.72533,-117.5535,0.9,"A",38457487,232,3237,2019-07-06 03:16:32.48,2019-07-06,2019,2019-07-01,"2019-07"
"2019/07/06","03:17:13.50","eq","l",4.14,"l",35.74533,-117.56083,6.5,"A",37257780,46,3168,2019-07-06 03:17:13.5,2019-07-06,2019,2019-07-01,"2019-07"
"2019/07/06","03:19:53.04","eq","l",7.1,"w",35.7695,-117.59933,8,"C",38457511,95,3397,2019-07-06 03:19:53.04,2019-07-06,2019,2019-07-01,"2019-07"
"2019/07/06","03:20:36.08","eq","l",4.33,"lr",36.00683,-117.8525,13.9,"B",37222188,8,3132,2019-07-06 03:20:36.08,2019-07-06,2019,2019-07-01,"2019-07"
"2019/07/06","03:20:41.14","eq","l",4.81,"lr",35.94967,-117.73767,9.3,"A",37222196,18,3132,2019-07-06 03:20:41.14,2019-07-06,2019,2019-07-01,"2019-07"
"2019/07/06","03:21:10.05","eq","l",4.33,"lr",35.83067,-117.66017,5.9,"A",37222204,25,3132,2019-07-06 03:21:10.05,2019-07-06,2019,2019-07-01,"2019-07"
"2019/07/06","03:21:19.19","eq","l",4.15,"lr",35.54233,-117.50533,5.6,"B",37260300,7,3394,2019-07-06 03:21:19.19,2019-07-06,2019,2019-07-01,"2019-07"
"2019/07/06","03:21:31.91","eq","l",4.24,"lr",35.88783,-117.73317,9.8,"A",37222212,12,3126,2019-07-06 03:21:31.91,2019-07-06,2019,2019-07-01,"2019-07"
"2019/07/06","03:22:03.57","eq","l",4.64,"lr",35.92167,-117.729,8.2,"A",38457519,36,2158,2019-07-06 03:22:03.57,2019-07-06,2019,2019-07-01,"2019-07"
"2019/07/06","03:22:17.10","eq","l",4.55,"lr",35.748,-117.54567,3.9,"A",37219484,35,3364,2019-07-06 03:22:17.1,2019-07-06,2019,2019-07-01,"2019-07"
"2019/07/06","03:22:27.16","eq","l",4.46,"lr",35.61717,-117.4275,8.4,"A",37219492,10,3319,2019-07-06 03:22:27.16,2019-07-06,2019,2019-07-01,"2019-07"
"2019/07/06","03:22:35.63","eq","l",4.73,"lr",35.61667,-117.43017,9.3,"A",37219500,12,3319,2019-07-06 03:22:35.63,2019-07-06,2019,2019-07-01,"2019-07"
"2019/07/06","03:22:48.30","eq","l",4.64,"lr",35.891,-117.7365,9.1,"A",37219156,45,2486,2019-07-06 03:22:48.3,2019-07-06,2019,2019-07-01,"2019-07"
"2019/07/06","03:23:19.87","eq","l",4.52,"lr",35.861,-117.67783,6.8,"A",37219468,21,3364,2019-07-06 03:23:19.87,2019-07-06,2019,2019-07-01,"2019-07"
"2019/07/06","03:23:29.56","eq","l",4,"lr",35.87783,-117.724,6.1,"A",37260316,16,3385,2019-07-06 03:23:29.56,2019-07-06,2019,2019-07-01,"2019-07"
"2019/07/06","03:23:34.71","eq","l",4.22,"lr",35.5685,-117.5165,10.8,"A",37219476,16,3364,2019-07-06 03:23:34.71,2019-07-06,2019,2019-07-01,"2019-07"
"2019/07/06","03:23:50.72","eq","l",4.84,"lr",35.80317,-117.61783,11.4,"A",37219164,64,2724,2019-07-06 03:23:50.72,2019-07-06,2019,2019-07-01,"2019-07"
"2019/07/06","03:24:22.37","eq","l",4.19,"lr",35.90183,-117.72733,5.3,"A",38457535,43,2216,2019-07-06 03:24:22.37,2019-07-06,2019,2019-07-01,"2019-07"
"2019/07/06","03:24:33.52","eq","l",4.07,"lr",35.89117,-117.6755,7.4,"A",37219516,12,3270,2019-07-06 03:24:33.52,2019-07-06,2019,2019-07-01,"2019-07"
"2019/07/06","03:25:27.97","eq","l",4.61,"lr",35.86067,-117.67083,10.3,"A",37219172,59,2485,2019-07-06 03:25:27.97,2019-07-06,2019,2019-07-01,"2019-07"
"2019/07/06","03:26:04.01","eq","l",4.02,"lr",35.83317,-117.64517,8.1,"A",37219540,36,3357,2019-07-06 03:26:04.01,2019-07-06,2019,2019-07-01,"2019-07"
"2019/07/06","03:26:51.99","eq","l",4.09,"lr",35.8875,-117.6495,10.9,"A",37219556,34,3357,2019-07-06 03:26:51.99,2019-07-06,2019,2019-07-01,"2019-07"
"2019/07/06","03:27:07.01","eq","l",4.5,"lr",35.91383,-117.72583,8,"A",37219180,39,2122,2019-07-06 03:27:07.01,2019-07-06,2019,2019-07-01,"2019-07"
"2019/07/06","03:27:11.37","eq","l",4.57,"lr",35.53033,-117.43133,3.8,"A",37219564,12,3357,2019-07-06 03:27:11.37,2019-07-06,2019,2019-07-01,"2019-07"
"2019/07/06","03:27:36.26","eq","l",4.03,"lr",35.8895,-117.6975,7.8,"A",37219572,39,3357,2019-07-06 03:27:36.26,2019-07-06,2019,2019-07-01,"2019-07"
"2019/07/06","03:28:00.73","eq","l",4.09,"lr",35.91067,-117.73167,8.2,"A",38457551,40,1802,2019-07-06 03:28:00.73,2019-07-06,2019,2019-07-01,"2019-07"
"2019/07/06","03:28:12.34","eq","l",4.09,"lr",35.84117,-117.65983,11.4,"A",37219580,29,3354,2019-07-06 03:28:12.34,2019-07-06,2019,2019-07-01,"2019-07"
"2019/07/06","03:28:46.55","eq","l",4.19,"lr",35.9025,-117.72217,4.8,"A",38457559,55,1807,2019-07-06 03:28:46.55,2019-07-06,2019,2019-07-01,"2019-07"
"2019/07/06","03:29:10.29","eq","l",4.02,"lr",35.65667,-117.4465,2.2,"A",37219596,16,3360,2019-07-06 03:29:10.29,2019-07-06,2019,2019-07-01,"2019-07"
"2019/07/06","03:29:15.86","eq","l",4.01,"lr",35.86567,-117.65267,15.1,"A",38457575,22,1734,2019-07-06 03:29:15.86,2019-07-06,2019,2019-07-01,"2019-07"
"2019/07/06","03:29:28.84","eq","l",4.07,"lr",35.7325,-117.50883,7,"A",37219604,12,3360,2019-07-06 03:29:28.84,2019-07-06,2019,2019-07-01,"2019-07"
"2019/07/06","03:29:32.08","eq","l",4.51,"lr",35.90283,-117.7115,3.2,"A",38457583,35,2300,2019-07-06 03:29:32.08,2019-07-06,2019,2019-07-01,"2019-07"
"2019/07/06","03:30:25.05","eq","l",4.49,"lr",35.55667,-117.35817,8.7,"A",38457591,83,2392,2019-07-06 03:30:25.05,2019-07-06,2019,2019-07-01,"2019-07"
"2019/07/06","03:32:46.66","eq","l",4.17,"lr",35.89033,-117.73033,6.2,"A",38457599,38,1824,2019-07-06 03:32:46.66,2019-07-06,2019,2019-07-01,"2019-07"
"2019/07/06","03:33:09.85","eq","l",4.13,"lr",35.71483,-117.50517,1.7,"A",37219692,46,3369,2019-07-06 03:33:09.85,2019-07-06,2019,2019-07-01,"2019-07"
"2019/07/06","03:33:20.20","eq","l",4.08,"lr",35.624,-117.48617,11,"A",37219700,27,3369,2019-07-06 03:33:20.2,2019-07-06,2019,2019-07-01,"2019-07"
"2019/07/06","03:33:39.45","eq","l",4.01,"lr",35.726,-117.56133,11.1,"A",37219708,21,3369,2019-07-06 03:33:39.45,2019-07-06,2019,2019-07-01,"2019-07"
"2019/07/06","03:34:10.70","eq","l",4.02,"lr",35.89767,-117.705,7.4,"A",37219724,35,3369,2019-07-06 03:34:10.7,2019-07-06,2019,2019-07-01,"2019-07"
"2019/07/06","03:35:05.42","eq","l",4.09,"lr",35.65217,-117.46683,2,"A",38457607,47,2048,2019-07-06 03:35:05.42,2019-07-06,2019,2019-07-01,"2019-07"
"2019/07/06","03:36:16.46","eq","l",4.35,"lr",35.90283,-117.73383,7.3,"A",38457615,142,1809,2019-07-06 03:36:16.46,2019-07-06,2019,2019-07-01,"2019-07"
"2019/07/06","03:46:26.87","eq","l",4.26,"lr",35.6805,-117.47033,6.8,"A",38457679,63,2034,2019-07-06 03:46:26.87,2019-07-06,2019,2019-07-01,"2019-07"
"2019/07/06","03:47:53.42","eq","l",5.5,"w",35.90117,-117.7495,5,"A",38457687,82,2448,2019-07-06 03:47:53.42,2019-07-06,2019,2019-07-01,"2019-07"
"2019/07/06","03:50:59.71","eq","l",4.97,"lr",35.9035,-117.70017,8.3,"A",38457703,78,2432,2019-07-06 03:50:59.71,2019-07-06,2019,2019-07-01,"2019-07"
"2019/07/06","03:55:20.02","eq","l",4.06,"lr",35.9055,-117.6875,8.4,"A",38457735,78,1766,2019-07-06 03:55:20.02,2019-07-06,2019,2019-07-01,"2019-07"
"2019/07/06","03:57:50.90","eq","l",4.31,"lr",35.869,-117.66133,7.2,"A",37421229,58,2152,2019-07-06 03:57:50.9,2019-07-06,2019,2019-07-01,"2019-07"
"2019/07/06","04:07:04.57","eq","l",4.68,"lr",35.55517,-117.5215,5.5,"A",38457775,199,2384,2019-07-06 04:07:04.57,2019-07-06,2019,2019-07-01,"2019-07"
"2019/07/06","04:13:07.08","eq","l",4.8,"lr",35.58467,-117.6145,9.7,"A",38457815,107,2169,2019-07-06 04:13:07.08,2019-07-06,2019,2019-07-01,"2019-07"
"2019/07/06","04:18:55.79","eq","l",5.44,"w",35.91017,-117.68483,7.4,"A",38457847,110,2427,2019-07-06 04:18:55.79,2019-07-06,2019,2019-07-01,"2019-07"
"2019/07/06","04:19:15.48","eq","l",4.29,"lr",35.785,-117.6175,10.6,"A",37221932,22,3105,2019-07-06 04:19:15.48,2019-07-06,2019,2019-07-01,"2019-07"
"2019/07/06","04:19:56.01","eq","l",4.01,"lr",35.58083,-117.40417,5.2,"A",38457863,13,2237,2019-07-06 04:19:56.01,2019-07-06,2019,2019-07-01,"2019-07"
"2019/07/06","04:21:35.82","eq","l",4.17,"lr",35.77867,-117.61217,2.6,"A",38457871,69,1887,2019-07-06 04:21:35.82,2019-07-06,2019,2019-07-01,"2019-07"
"2019/07/06","04:36:55.31","eq","l",4.85,"w",35.9,-117.73767,1.9,"A",38457967,108,2176,2019-07-06 04:36:55.31,2019-07-06,2019,2019-07-01,"2019-07"
"2019/07/06","04:37:13.57","eq","l",4.33,"lr",35.91,-117.74533,8,"A",37224964,40,3094,2019-07-06 04:37:13.57,2019-07-06,2019,2019-07-01,"2019-07"
"2019/07/06","04:40:15.98","eq","l",4.24,"lr",35.64283,-117.44567,2.9,"A",38457983,79,2045,2019-07-06 04:40:15.98,2019-07-06,2019,2019-07-01,"2019-07"
"2019/07/06","04:52:04.01","eq","l",4.55,"w",35.8895,-117.73233,5.4,"A",38458071,58,1297,2019-07-06 04:52:04.01,2019-07-06,2019,2019-07-01,"2019-07"
"2019/07/06","04:52:17.71","eq","l",4.47,"lr",35.87733,-117.6945,3.3,"A",38458079,151,2151,2019-07-06 04:52:17.71,2019-07-06,2019,2019-07-01,"2019-07"
"2019/07/06","04:58:36.69","eq","l",4.03,"lr",35.70733,-117.57067,2.9,"A",38458143,90,1981,2019-07-06 04:58:36.69,2019-07-06,2019,2019-07-01,"2019-07"
"2019/07/06","05:25:04.87","eq","l",4.29,"lr",35.833,-117.6775,3.4,"A",38458375,164,1845,2019-07-06 05:25:04.87,2019-07-06,2019,2019-07-01,"2019-07"
"2019/07/06","05:58:17.57","eq","l",4.15,"lr",35.93233,-117.69167,1.9,"A",38458655,64,1755,2019-07-06 05:58:17.57,2019-07-06,2019,2019-07-01,"2019-07"
"2019/07/06","06:01:51.80","eq","l",4.63,"w",35.911,-117.7385,5,"A",38458679,213,1760,2019-07-06 06:01:51.8,2019-07-06,2019,2019-07-01,"2019-07"
"2019/07/06","06:12:52.00","eq","l",4.27,"lr",35.58133,-117.37517,5.5,"A",38458759,88,2095,2019-07-06 06:12:52,2019-07-06,2019,2019-07-01,"2019-07"
"2019/07/06","06:34:47.41","eq","l",4.05,"lr",35.89267,-117.72483,8.2,"A",38458999,102,1776,2019-07-06 06:34:47.41,2019-07-06,2019,2019-07-01,"2019-07"
"2019/07/06","08:32:57.55","eq","l",4.56,"w",35.639,-117.49133,3.1,"A",38460311,239,2314,2019-07-06 08:32:57.55,2019-07-06,2019,2019-07-01,"2019-07"
"2019/07/06","09:28:28.98","eq","l",4.89,"w",35.898,-117.72717,4,"A",38460967,197,2146,2019-07-06 09:28:28.98,2019-07-06,2019,2019-07-01,"2019-07"
"2019/07/06","09:28:41.79","eq","l",4.24,"lr",35.887,-117.71683,4.8,"A",37258076,37,3350,2019-07-06 09:28:41.79,2019-07-06,2019,2019-07-01,"2019-07"
"2019/07/06","09:29:20.97","eq","l",4.41,"lr",35.88117,-117.7175,5.5,"A",38460975,98,2149,2019-07-06 09:29:20.97,2019-07-06,2019,2019-07-01,"2019-07"
"2019/07/06","09:30:41.24","eq","l",4.49,"w",35.90983,-117.73233,4.2,"A",38460983,151,2133,2019-07-06 09:30:41.24,2019-07-06,2019,2019-07-01,"2019-07"
"2019/07/06","10:48:24.46","eq","l",4.04,"w",35.5785,-117.372,5.6,"A",38461879,83,2068,2019-07-06 10:48:24.46,2019-07-06,2019,2019-07-01,"2019-07"
"2019/07/06","11:53:08.09","eq","l",4.12,"w",35.89533,-117.73367,2.1,"A",38462679,89,1761,2019-07-06 11:53:08.09,2019-07-06,2019,2019-07-01,"2019-07"
"2019/07/06","13:06:55.26","eq","l",4.5,"w",35.92833,-117.705,2.4,"A",38463551,217,1737,2019-07-06 13:06:55.26,2019-07-06,2019,2019-07-01,"2019-07"
"2019/07/06","16:36:05.82","eq","l",4.14,"w",35.5705,-117.523,10.1,"A",38465703,100,2069,2019-07-06 16:36:05.82,2019-07-06,2019,2019-07-01,"2019-07"
"2019/07/06","23:50:41.99","eq","l",4.5,"w",35.8235,-117.663,6.5,"A",38469375,210,2460,2019-07-06 23:50:41.99,2019-07-06,2019,2019-07-01,"2019-07"
"2019/07/07","05:38:15.48","eq","l",4.53,"w",35.76833,-117.57817,10.4,"A",38472279,211,3272,2019-07-07 05:38:15.48,2019-07-07,2019,2019-07-01,"2019-07"
"2019/07/07","11:22:16.24","eq","l",4.16,"w",35.80567,-117.594,10.1,"A",38475431,97,3263,2019-07-07 11:22:16.24,2019-07-07,2019,2019-07-01,"2019-07"
"2019/07/10","00:48:17.58","eq","l",4.07,"w",36.05717,-117.84717,1.7,"A",38509663,107,3351,2019-07-10 00:48:17.58,2019-07-10,2019,2019-07-01,"2019-07"
"2019/07/10","12:28:56.96","eq","l",4.18,"w",36.0495,-117.85667,1.9,"A",38517471,144,3314,2019-07-10 12:28:56.96,2019-07-10,2019,2019-07-01,"2019-07"
"2019/07/10","18:49:01.42","eq","l",4.09,"w",36.16617,-117.8825,1.1,"A",38521799,132,3344,2019-07-10 18:49:01.42,2019-07-10,2019,2019-07-01,"2019-07"
"2019/07/10","20:09:51.95","eq","l",4.17,"w",35.66467,-117.52483,9.2,"A",38522647,167,3344,2019-07-10 20:09:51.95,2019-07-10,2019,2019-07-01,"2019-07"
"2019/07/11","00:14:37.32","eq","l",4.52,"w",36.17667,-117.884,0.9,"A",38525207,168,3351,2019-07-11 00:14:37.32,2019-07-11,2019,2019-07-01,"2019-07"
"2019/07/11","00:15:39.22","eq","l",4.37,"w",36.15367,-117.87633,2.1,"A",38525215,140,3357,2019-07-11 00:15:39.22,2019-07-11,2019,2019-07-01,"2019-07"
"2019/07/11","04:10:01.37","eq","l",4.3,"w",36.05633,-117.84883,2.1,"A",38527863,248,3344,2019-07-11 04:10:01.37,2019-07-11,2019,2019-07-01,"2019-07"
"2019/07/11","07:04:05.96","eq","l",4.02,"w",36.17933,-117.883,1.5,"A",38529591,151,3323,2019-07-11 07:04:05.96,2019-07-11,2019,2019-07-01,"2019-07"
"2019/07/11","23:45:18.67","eq","l",4.14,"w",35.95,-117.703,4.3,"A",38538991,164,3405,2019-07-11 23:45:18.67,2019-07-11,2019,2019-07-01,"2019-07"
"2019/07/12","13:11:37.99","eq","l",4.9,"w",35.63683,-117.58617,9.5,"A",38548295,217,3367,2019-07-12 13:11:37.99,2019-07-12,2019,2019-07-01,"2019-07"
"2019/07/15","08:38:45.24","eq","l",4.21,"w",36.056,-117.85067,2.3,"A",38572055,169,3362,2019-07-15 08:38:45.24,2019-07-15,2019,2019-07-01,"2019-07"
"2019/07/16","20:15:36.78","eq","l",4.47,"w",35.78367,-117.61433,3.6,"A",38583335,188,3411,2019-07-16 20:15:36.78,2019-07-16,2019,2019-07-01,"2019-07"
"2019/07/17","02:29:07.38","eq","l",4.37,"w",36.116,-117.884,5.3,"A",38585023,173,3393,2019-07-17 02:29:07.38,2019-07-17,2019,2019-07-01,"2019-07"
"2019/07/18","03:59:14.72","eq","l",4.64,"w",36.113,-117.8875,1.6,"A",38593535,180,3372,2019-07-18 03:59:14.72,2019-07-18,2019,2019-07-01,"2019-07"
"2019/07/23","07:45:02.53","eq","l",4.15,"w",35.625,-117.42667,5.5,"A",38628799,241,3406,2019-07-23 07:45:02.53,2019-07-23,2019,2019-07-01,"2019-07"
"2019/07/26","00:42:47.77","eq","l",4.74,"w",35.92583,-117.70667,3.8,"A",38644943,185,3398,2019-07-26 00:42:47.77,2019-07-26,2019,2019-07-01,"2019-07"
"2019/08/22","20:49:50.18","eq","l",4.89,"w",35.90767,-117.709,4.9,"A",38996632,174,3417,2019-08-22 20:49:50.18,2019-08-22,2019,2019-08-01,"2019-08"
"2019/08/23","05:34:09.74","eq","l",4.33,"w",35.90783,-117.70467,7.1,"A",38999296,209,3396,2019-08-23 05:34:09.74,2019-08-23,2019,2019-08-01,"2019-08"
"2020/01/25","03:03:34.92","eq","l",4.62,"w",35.0975,-116.96967,3.1,"A",39281440,83,3406,2020-01-25 03:03:34.92,2020-01-25,2020,2020-01-01,"2020-01"
"2020/03/23","05:53:57.26","eq","l",4.32,"w",35.9555,-117.363,0.9,"A",39111991,78,3303,2020-03-23 05:53:57.26,2020-03-23,2020,2020-03-01,"2020-03"
"2020/04/27","03:46:00.41","eq","l",4,"w",35.67383,-117.49633,8.8,"A",39406880,195,3322,2020-04-27 03:46:00.41,2020-04-27,2020,2020-04-01,"2020-04"
"2020/06/04","01:32:11.14","eq","l",5.51,"w",35.61483,-117.42817,8.4,"A",39462536,230,3295,2020-06-04 01:32:11.14,2020-06-04,2020,2020-06-01,"2020-06"
"2020/06/04","02:27:54.61","eq","l",4.16,"w",36.14983,-117.97967,2,"A",39462920,78,3268,2020-06-04 02:27:54.61,2020-06-04,2020,2020-06-01,"2020-06"
"2020/06/08","04:15:05.77","eq","l",4.29,"w",35.63767,-117.4175,3.6,"A",39469848,90,3289,2020-06-08 04:15:05.77,2020-06-08,2020,2020-06-01,"2020-06"
"2020/06/23","00:25:46.39","eq","l",4.65,"w",36.44667,-117.984,2.3,"A",39490952,225,3316,2020-06-23 00:25:46.39,2020-06-23,2020,2020-06-01,"2020-06"
"2020/06/24","17:40:49.24","eq","l",5.8,"w",36.44683,-117.97517,4.7,"A",39493944,91,3308,2020-06-24 17:40:49.24,2020-06-24,2020,2020-06-01,"2020-06"
"2020/06/24","17:59:19.96","eq","l",4.59,"w",36.456,-117.93117,9.6,"A",39494008,85,3272,2020-06-24 17:59:19.96,2020-06-24,2020,2020-06-01,"2020-06"
"2020/08/19","17:32:11.07","eq","l",4.72,"w",36.47867,-117.51417,-0.6,"A",39584648,115,3351,2020-08-19 17:32:11.07,2020-08-19,2020,2020-08-01,"2020-08"
"2020/09/11","07:55:45.45","eq","l",4.22,"l",36.44067,-117.9945,3.9,"A",38683914,88,3294,2020-09-11 07:55:45.45,2020-09-11,2020,2020-09-01,"2020-09"
"2021/01/17","02:49:08.80","eq","l",4.02,"w",36.18767,-118.09383,1.1,"A",39759376,89,3302,2021-01-17 02:49:08.8,2021-01-17,2021,2021-01-01,"2021-01"
"2021/02/12","23:57:13.50","eq","l",4.03,"w",36.21833,-117.92667,3.1,"A",39550567,74,3301,2021-02-12 23:57:13.5,2021-02-12,2021,2021-02-01,"2021-02"
"2021/08/27","12:34:51.16","eq","l",4,"w",35.51517,-118.37917,5,"A",40024128,178,3354,2021-08-27 12:34:51.16,2021-08-27,2021,2021-08-01,"2021-08"
"2022/05/26","09:23:32.53","eq","l",4.28,"w",35.60267,-117.406,4.8,"A",40027143,95,3385,2022-05-26 09:23:32.53,2022-05-26,2022,2022-05-01,"2022-05"
"2022/07/15","01:19:07.00","eq","l",4.58,"w",35.70917,-117.58433,6.3,"A",40063391,119,3391,2022-07-15 01:19:07,2022-07-15,2022,2022-07-01,"2022-07"
"2024/04/18","19:19:18.14","eq","l",4.32,"w",35.493,-118.513,3.2,"A",40549375,190,3455,2024-04-18 19:19:18.14,2024-04-18,2024,2024-04-01,"2024-04"
"2024/07/29","20:00:52.59","eq","l",4.87,"w",34.95033,-116.78667,7.3,"A",40675215,99,3585,2024-07-29 20:00:52.59,2024-07-29,2024,2024-07-01,"2024-07"
"2026/03/27","22:13:14.86","eq","l",4.11,"w",34.83867,-116.4105,1.4,"A",41426656,93,3745,2026-03-27 22:13:14.86,2026-03-27,2026,2026-03-01,"2026-03"
